tt0795176;Planet Earth;Emmy Award-winning, 11 episodes, five years in the making, the most expensive nature documentary series ever commissioned by the BBC, and the first to be filmed in high definition.;94;2006;[documentary];planet_earth.jpg;[11]
tt5491994;Planet Earth II;David Attenborough returns in this breathtaking documentary showcasing life on Planet Earth.;95;2016;[documentary];planet_earth_ii.jpg;[6]
tt0185906;Band of Brothers;The story of Easy Company of the U.S. Army 101st Airborne Division, and their mission in World War II Europe, from Operation Overlord, through V-J Day.;95;2001;[drama,history,action];band_of_brothers.jpg;[10]
tt6769208;Blue Planet II;David Attenborough returns to the world's oceans in this sequel to the acclaimed documentary filming rare and unusual creatures of the deep, as well as documenting the problems our oceans face.;92;2017;[documentary];blue_planet_ii.jpg;[8]
tt0081846;Cosmos;Astronomer Carl Sagan leads us on an engaging guided tour of the various elements and cosmological theories of the universe.;92;1980;[documentary];cosmos.jpg;[13]
tt1533395;Life;David Attenborough's legendary BBC crew explains and shows wildlife all over planet earth in 10 episodes. The first is an overview the challenges facing life, the others are dedicated to hunting, the deep sea and various major evolutionary groups of creatures: plants, primates and other large sections of other vertebrates and invertebrates.;91;2009;[documentary];life.jpg;[10]
tt1475582;Sherlock;A modern update finds the famous sleuth and his doctor partner solving crime in 21st century London.;91;2010;[crime,drama,mystery];sherlock.jpg;[4,3,4,4]
tt2395695;Cosmos: Possible Worlds;An exploration of our discovery of the laws of nature and coordinates in space and time.;93;2014;[documentary];cosmos_possible_worlds.jpg;[13,13]
tt0092337;Dekalog;Ten television drama films, each one based on one of the Ten Commandments.;90;1989;[drama];dekalog.jpg;[10]
tt1806234;Human Planet;Like all life forms, humanity partially adapts to types of natural environment, yet also tends to change them. Each episode examines how life differs for men and nature in some type of environment, from Arctic to desert and jungle, from coasts to mountains.;90;2011;[documentary];human_planet.jpg;[8]
tt0071075;The World at War;A groundbreaking 26-part documentary series narrated by the actor Laurence Olivier about the deadliest conflict in history, World War II.;91;1973;[history,war,documentary];the_world_at_war.jpg;[26]
tt1877514;The Vietnam War;A comprehensive history of the United States' involvement in the bitterly divisive armed conflict in Southeast Asia.;90;2017;[history,war,documentary];the_vietnam_war.jpg;[10]
tt0417299;Avatar: The Last Airbender;In a war-torn world of elemental magic, a young boy reawakens to undertake a dangerous mystic quest to fulfill his destiny as the Avatar, and bring peace to the world.;91;2003;[action,adventure,animation];avatar_the_last_airbender.jpg;[21,20,21,21]
tt2861424;Rick and Morty;An animated series that follows the exploits of a super scientist and his not-so-bright grandson.;92;2013;[adventure,comedy,animation];rick_and_morty.jpg;[11,10,10,1]
tt0306414;The Wire;Baltimore drug scene, seen through the eyes of drug dealers and law enforcement.;93;2002;[crime,drama,thriller];the_wire.jpg;[13,12,12,13,10]
tt0098769;The Civil War;A comprehensive survey of the American Civil War.;90;1990;[history,war,documentary];the_civil_war.jpg;[9]
tt0141842;The Sopranos;New Jersey mob boss Tony Soprano deals with personal and professional issues in his home and business life that affect his mental state, leading him to seek professional psychiatric counseling.;91;1999;[crime,drama];the_sopranos.jpg;[13,13,13,13,13,21]
tt0303461;Firefly;Five hundred years in the future, a renegade crew aboard a small spacecraft tries to survive as they travel the unknown parts of the galaxy and evade warring factions as well as authority agents out to get them.;90;2002;[drama,adventure,sci-fi];firefly.jpg;[14]
tt0296310;The Blue Planet;Mammoth series, five years in the making, taking a look at the rich tapestry of life in the world's oceans.;89;2001;[documentary];the_blue_planet.jpg;[10]
tt2356777;True Detective;Seasonal anthology series in which police investigations unearth the personal and professional secrets of those involved, both within and outside the law.;90;2014;[crime,drama,mystery];true_detective.jpg;[8,8,8]
tt0903747;Breaking Bad;A high school chemistry teacher diagnosed with inoperable lung cancer turns to manufacturing and selling methamphetamine in order to secure his family's future.;94;2008;[crime,drama,thriller];breaking_bad.jpg;[7,13,13,13,16]
tt0213338;Cowboy Bebop;The futuristic misadventures and tragedies of an easygoing bounty hunter and his partners.;89;1998;[action,adventure,animation];cowboy_bebop.jpg;[26]
tt1355642;Fullmetal Alchemist: Brotherhood;Two brothers search for a Philosopher's Stone after an attempt to revive their deceased mother goes awry and leaves them in damaged physical forms.;90;2009;[action,adventure,animation];fullmetal_alchemist_brotherhood.jpg;[64,64]
tt0081834;Das Boot;A World War II German U-Boat crew have a terrifying patrol mission in the early days of the war.;89;1985;[drama,thriller,war];das_boot.jpg;[6]
tt2571774;Africa;Africa, the world's wildest continent. David Attenborough takes us on an awe-inspiring journey through one of the most diverse places in the world. We visit deserts, savannas, and jungles and meet up with some of Africa's amazing wildlife.;89;2013;[documentary];africa.jpg;[6]
tt0112130;Pride and Prejudice;While the arrival of wealthy gentlemen sends her marriage-minded mother into a frenzy, willful and opinionated Elizabeth Bennet matches wits with haughty Mr. Darcy.;89;1995;[drama,romance];pride_and_prejudice.jpg;[6]
tt0877057;Death Note;An intelligent high school student goes on a secret crusade to eliminate criminals from the world after discovering a notebook capable of killing anyone whose name is written into it.;89;2006;[crime,drama,animation];death_note.jpg;[37]
tt2092588;Frozen Planet;Focuses on life and the environment in both the Arctic and Antarctic.;89;2011;[documentary];frozen_planet.jpg;[9]
tt7920978;Sahsiyet;A man with diagnosis of Alzheimer's, decides to punish the criminals.;89;2018;[crime,drama,mystery];sahsiyet.jpg;[12]
tt2802850;Fargo;Various chronicles of deception, intrigue and murder in and around frozen Minnesota. Yet all of these tales mysteriously lead back one way or another to Fargo, North Dakota.;90;2014;[crime,drama,thriller];fargo.jpg;[10,10,10,1]
tt4508902;One Punch Man: Wanpanman;The story of Saitama, a hero that does it just for fun & can defeat his enemies with a single punch.;89;2015;[action,comedy,animation];one_punch_man_wanpanman.jpg;[12,12]
tt2085059;Black Mirror;An anthology series exploring a twisted, high-tech world where humanity's greatest innovations and darkest instincts collide.;89;2011;[drama,sci-fi,thriller];black_mirror.jpg;[3,4,6,6,4]
tt3530232;Last Week Tonight with John Oliver;Former Daily Show host and correspondent John Oliver brings his persona to this new weekly news satire program.;89;2014;[comedy,news,talk-show];last_week_tonight_with_john_oliver.jpg;[24,35,30,30,30,1]
tt0103359;Batman: The Animated Series;The Dark Knight battles crime in Gotham City with occasional help from Robin and Batgirl.;89;1992;[action,adventure,animation];batman_the_animated_series.jpg;[60,10,10,5]
tt1508238;Apocalypse: The Second World War;Apocalypse: The Second World War(2009) is a six-part French documentary about the Second World War. The documentary is composed exclusively of actual footage of the war as filmed by war correspondents, soldiers, resistance fighters and private citizens. The series is shown in color, with the black and white footage being fully colorized, save for some original color footage. The only exception to the treatment are most Holocaust scenes, which are presented in the original black and white.;88;2009;[history,war,documentary];apocalypse_the_second_world_war.jpg;[6]
tt0063929;Monty Python's Flying Circus;The original surreal sketch comedy showcase for the Monty Python troupe.;89;1969;[comedy];monty_pythons_flying_circus.jpg;[13,13,13,6,6]
tt3718778;Over the Garden Wall;Two brothers find themselves lost in a mysterious land and try to find their way home.;88;2014;[drama,adventure,animation];over_the_garden_wall.jpg;[10]
tt0098936;Twin Peaks;An idiosyncratic FBI agent investigates the murder of a young woman in the even more idiosyncratic town of Twin Peaks.;88;1990;[crime,drama,mystery];twin_peaks1990.jpg;[8,22]
tt0052520;The Twilight Zone;Ordinary people find themselves in extraordinarily astounding situations, which they each try to solve in a remarkable manner.;90;1959;[fantasy,mystery,horror];the_twilight_zone.jpg;[36,29,37,18,36]
tt0074006;I, Claudius;The history of the Roman Empire as experienced by one of its rulers.;88;1976;[drama,biography,history];i_claudius.jpg;[13]
tt0193676;Freaks and Geeks;A high school mathlete starts hanging out with a group of burnouts while her younger brother navigates his freshman year.;88;1999;[drama,comedy];freaks_and_geeks.jpg;[18]
tt1865718;Gravity Falls;Twin siblings Dipper and Mabel Pines spend the summer at their uncle's tourist trap in the enigmatic town of Gravity Falls.;88;2012;[adventure,comedy,animation];gravity_falls.jpg;[20,20,20]
tt7221388;Cobra Kai;Decades after their 1984 All Valley Karate Tournament bout, a middle-aged Daniel LaRusso and Johnny Lawrence find themselves martial-arts rivals again.;88;2018;[drama,action,comedy];cobra_kai.jpg;[10,5]
tt4742876;TVF Pitchers;A story of trials and tribulations of four young entrepreneurs who quit their day jobs in order to pursue their start up venture.;88;2015;[drama,comedy];tvf_pitchers.jpg;[5]
tt4574334;Stranger Things;When a young boy disappears, his mother, a police chief, and his friends must confront terrifying forces in order to get him back.;88;2016;[drama,fantasy,horror];stranger_things.jpg;[8,9,8]
tt0475784;Westworld;Set at the intersection of the near future and the reimagined past, explore a world in which every human appetite can be indulged without consequence.;88;2016;[drama,sci-fi,mystery];westworld.jpg;[10,10,2]
tt2707408;Narcos;A chronicled look at the criminal exploits of Colombian drug lord Pablo Escobar, as well as the many other drug kingpins who plagued the country through the years.;88;2015;[crime,drama,biography];narcos.jpg;[10,10,10]
tt0081912;Only Fools and Horses....;Comedy that follows two brothers from London's rough Peckham estate as they wheel and deal through a number of dodgy deals as they search for the big score that'll make them millionaires.;88;1981;[comedy];only_fools_and_horses.....jpg;[7,8,8,8,9,7,11,3,3]
tt0072500;Fawlty Towers;Hotel owner Basil Fawlty's incompetence, short fuse, and arrogance form a combination that ensures accidents and trouble are never far away.;88;1975;[comedy];fawlty_towers.jpg;[6,6]
tt0367279;Arrested Development;Level-headed son Michael Bluth takes over family affairs after his father is imprisoned. But the rest of his spoiled, dysfunctional family are making his job unbearable.;88;2003;[comedy];arrested_development.jpg;[22,18,13,15,16]
tt0096548;Blackadder Goes Forth;Stuck in the middle of World War I, Captain Edmund Blackadder does his best to escape the banality of the war.;87;1989;[comedy,war];blackadder_goes_forth.jpg;[6]
tt6763664;The Haunting of Hill House;Flashing between past and present, a fractured family confronts haunting memories of their old home and the terrifying events that drove them from it.;88;2018;[drama,mystery,horror];the_haunting_of_hill_house.jpg;[10]
tt1856010;House of Cards;A Congressman works with his equally conniving wife to exact revenge on the people who betrayed him.;88;2013;[drama];house_of_cards.jpg;[13,13,13,13,13,8]
tt0098904;Seinfeld;The continuing misadventures of neurotic New York City stand-up comedian Jerry Seinfeld and his equally neurotic New York City friends.;88;1989;[comedy];seinfeld.jpg;[5,12,23,23,21,23,22,22,22]
tt2442560;Peaky Blinders;A gangster family epic set in 1919 Birmingham, England, centered on a gang who sew razor blades in the peaks of their caps, and their fierce boss Tommy Shelby.;87;2013;[crime,drama];peaky_blinders.jpg;[6,6,6,6,6]
tt0384766;Rome;A down-to-earth account of the lives of both illustrious and ordinary Romans set in the last days of the Roman Republic.;87;2005;[drama,history,action];rome.jpg;[12,10]
tt4299972;The Jinx: The Life and Deaths of Robert Durst;Filmmaker Andrew Jarecki examines the complicated life of reclusive real estate icon Robert Durst, the key suspect in a series of unsolved crimes.;87;2015;[crime,documentary];the_jinx_the_life_and_deaths_of_robert_durst.jpg;[6]
tt2297757;Nathan for You;Nathan Fielder uses his business degree and life experiences to help real small businesses turn a profit. But because of his unorthodox approach, Nathan's genuine efforts to do good often draw real people into an experience far beyond what they signed up for.;87;2013;[comedy,documentary];nathan_for_you.jpg;[8,8,8,8]
tt0096639;Lonesome Dove;Two former Texas Rangers renew their spirit of adventure as they and several other residents of a small Texas town join a cattle drive to the Montana Territory.;87;1989;[drama,western,adventure];lonesome_dove.jpg;[4]
tt0118421;Oz;A series chronicling the daily activities of an unusual prison facility and its criminal inhabitants.;87;1997;[crime,drama,thriller];oz.jpg;[8,8,8,16,8,8]
tt0353049;Chappelle's Show;Comedian Dave Chappelle hosts this sketch-comedy show that parodies many of the nuances of race and culture.;87;2003;[comedy,music];chappelles_show.jpg;[14,16,3]
tt0348914;Deadwood;A show set in the late 1800s, revolving around the characters of Deadwood, South Dakota, a town of deep corruption and crime.;87;2004;[crime,drama,history];deadwood.jpg;[12,12,12]
tt0086661;The Adventures of Sherlock Holmes;Sherlock Holmes and Dr Watson solve the mysteries of copper beeches, a Greek interpreter, the Norwood builder, a resident patient, the red-headed league, and one final problem.;87;1984;[crime,drama,mystery];the_adventures_of_sherlock_holmes.jpg;[7,6]
tt0472954;It's Always Sunny in Philadelphia;Five friends with big egos and slightly arrogant attitudes are the proprietors of an Irish bar in Philadelphia.;87;2005;[comedy];its_always_sunny_in_philadelphia.jpg;[7,10,15,13,12,13,13,10,10,10,10,10,10,10]
tt0386676;The Office;A mockumentary on a group of typical office workers, where the workday consists of ego clashes, inappropriate behavior, and tedium.;88;2005;[comedy];the_office.jpg;[6,22,23,14,26,26,24,24,23]
tt2560140;Attack on Titan;After his hometown is destroyed and his mother is killed, young Eren Yeager vows to cleanse the earth of the giant humanoid Titans that have brought humanity to the brink of extinction.;87;2013;[action,adventure,animation];attack_on_titan.jpg;[25,12,13,13]
tt0200276;The West Wing;Inside the lives of staffers in the West Wing of the White House.;87;1999;[drama];the_west_wing.jpg;[22,22,22,23,22,22,22]
tt0264235;Curb Your Enthusiasm;The life and times of Larry David and the predicaments he gets himself into with his friends and complete strangers.;87;2000;[comedy];curb_your_enthusiasm.jpg;[10,10,10,10,10,10,10,10,10,2]
tt0108855;The Memoirs of Sherlock Holmes;Holmes, his friend Watson (or his brother Mycroft) work to solve the mysteries of The Three Gables, The Dying Detective, The Golden Pince-Nez, The Red Circle, The Mazarin Stone, and The Cardboard Box.;86;1994;[crime,drama,mystery];the_memoirs_of_sherlock_holmes.jpg;[6]
tt0407362;Battlestar Galactica;When an old enemy, the Cylons, resurface and obliterate the 12 colonies, the crew of the aged Galactica protect a small civilian fleet - the last of humanity - as they journey toward the fabled 13th colony, Earth.;87;2004;[drama,action,adventure];battlestar_galactica.jpg;[13,20,20,20]
tt0090509;The Return of Sherlock Holmes;Sherlock Holmes and Dr Watson solve the mysteries of the devil's foot, Silver Blaze, Wisteria Lodge and the Bruce-Partington Plans.;86;1986;[crime,drama,mystery];the_return_of_sherlock_holmes.jpg;[7,4]
tt0412142;House;An antisocial maverick doctor who specializes in diagnostic medicine does whatever it takes to solve puzzling cases that come his way using his crack team of doctors and his wits.;87;2004;[drama,mystery];house.jpg;[22,24,24,16,24,21,23,22]
tt4786824;The Crown;Follows the political rivalries and romance of Queen Elizabeth II's reign and the events that shaped the second half of the 20th century.;86;2016;[drama,history];the_crown.jpg;[10,10,10,2]
tt0459159;The Thick of It;Set in the corridors of power and spin, the Minister for Social Affairs, is continually harassed by Number 10's policy enforcer and dependent on his not-so-reliable team of civil servants.;86;2005;[comedy];the_thick_of_it.jpg;[3,3,8,7,7]
tt0120570;From the Earth to the Moon;Dramatized portrayal of the Apollo manned space program.;86;1998;[drama,history,action];from_the_earth_to_the_moon.jpg;[12]
tt0248654;Six Feet Under;A drama series that takes a darkly comical look at members of a dysfunctional California family that runs an independent funeral home.;87;2001;[drama,comedy];six_feet_under.jpg;[13,13,13,12,12]
tt0088484;Black-Adder II;In the Tudor court of Elizabeth I, Lord Edmund Blackadder strives to win Her Majesty's favour while attempting to avoid a grisly fate should he offend her.;86;1986;[comedy];black-adder_ii.jpg;[6]
tt5189670;Making a Murderer;Filmed over a 10-year period, Steven Avery, a DNA exoneree who, while in the midst of exposing corruption in local law enforcement, finds himself the prime suspect in a grisly new crime.;86;2015;[crime,documentary];making_a_murderer.jpg;[10,10]
tt3032476;Better Call Saul;The trials and tribulations of criminal lawyer, Jimmy McGill, in the time leading up to establishing his strip-mall law office in Albuquerque, New Mexico.;87;2015;[crime,drama];better_call_saul.jpg;[10,10,10,10,10]
tt0075537;Mind Your Language;Jeremy Brown is a put-upon language teacher who tries to make a living by teaching English to immigrants. With pupils from India, France, China, and many other countries, his lessons do not always go as planned.;86;1977;[comedy];mind_your_language.jpg;[13,8,8,13]
tt6077448;Sacred Games;A link in their pasts leads an honest cop to a fugitive gang boss, whose cryptic warning spurs the officer on a quest to save Mumbai from cataclysm.;86;2018;[crime,drama,action];sacred_games.jpg;[8,8]
tt0286486;The Shield;Follows the lives and cases of a dirty Los Angeles Police Department cop and the unit under his command.;86;2002;[crime,drama,thriller];the_shield.jpg;[13,13,15,13,11,11,13]
tt3322312;Daredevil;A blind lawyer by day, vigilante by night. Matt Murdock fights the crime of New York as Daredevil.;86;2015;[crime,drama,action];daredevil.jpg;[13,13,13]
tt8714904;Narcos: Mexico;The rise of the Guadalajara Cartel as an American DEA agent learns the danger of targeting narcos in Mexico.;86;2018;[crime,drama];narcos_mexico.jpg;[10]
tt0403778;Long Way Round;This documentary series follows actors Ewan McGregor and Charley Boorman on a motorcycle trip around the world. The two friends will travel through such places as Siberia, Kazakhstan, Mongolia, and Alaska, before finally ending the journey in New York. The filming will be done by on board cameras and one ride along cameraman.;86;2004;[adventure,documentary];long_way_round.jpg;[7,7]
tt0417349;North & South;North and South is a four part adaptation of Elizabeth Gaskell's love story of Margaret Hale, a middle class southerner who is forced to move to the northern town of Milton.;86;2004;[drama,romance];north_&_south.jpg;[4]
tt6478318;Masum;Cevdet (Haluk Bilginer), a retired commissioner, and his wife spend their pensions in peace on a farm away from the city. Suddenly the life of the family is destroyed by the sudden arrival of a terrible news from the little son.;86;2017;[crime,drama,mystery];masum.jpg;[8]
tt0434706;Monster;A brilliant neurosurgeon living in Germany finds his life in utter turmoil after getting involved with a psychopath that was once a former patient.;86;2004;[crime,drama,animation];monster.jpg;[74,74]
tt1733785;Bron/Broen;When a body is found on the bridge between Denmark and Sweden, right on the border, Danish inspector Martin Rohde and Swedish Saga Norén have to share jurisdiction and work together to find the killer.;86;2011;[crime,mystery,thriller];bronbroen.jpg;[10,10,10,8]
tt5788792;The Marvelous Mrs. Maisel;A housewife in the 1950s decides to become a stand-up comic.;86;2017;[drama,comedy];the_marvelous_mrs._maisel.jpg;[8,10,1]
tt0092324;Black Adder the Third;In the Regency era, Mr E. Blackadder serves as butler to the foppish numskull Prince George amidst the fads and crazes of the time.;86;1987;[comedy];black_adder_the_third.jpg;[6]
tt0314979;Battlestar Galactica;Following the destruction of the Twelve Colonies of Kobol by the Cylons, a rag-tag fugitive fleet of the last remnants of mankind flees the pursuing Cylons while simultaneously searching for their true home: Earth.;86;2003;[drama,action,adventure];battlestar_galactica.jpg;[2]
tt1641384;Young Justice;Teenage superheroes strive to prove themselves as members of the Justice League.;86;2010;[action,adventure,animation];young_justice.jpg;[26,20,26]
tt0994314;Code Geass: Lelouch of the Rebellion;After being given a mysterious power to control others, an outcast prince becomes the masked leader of the rebellion against an all powerful empire;86;2006;[action,adventure,animation];code_geass_lelouch_of_the_rebellion.jpg;[25,25,25]
tt0187664;Spaced;Friends Tim and Daisy, 20-something North Londoners with uncertain futures, must pretend to be a couple to live in the only apartment they can afford.;86;1999;[action,comedy];spaced.jpg;[7,7]
tt2049116;Gomorrah;Ciro disregards tradition in his attempt to become the next boss of his crime syndicate. The internal power struggle puts him and his entire family's life at risk.;86;2014;[crime,drama,thriller];gomorrah.jpg;[12,12,12,12]
tt6958022;The Defiant Ones;"The Defiant Ones" examines the partnership between Jimmy Iovine and Dr. Dre - one the son of a Brooklyn longshoreman, the other straight out of Compton - and their leading roles in a chain of transformative events in contemporary culture.;86;2017;[crime,biography,documentary];the_defiant_ones.jpg;[4]
tt0421357;Fullmetal Alchemist;When a failed alchemical ritual leaves brothers Edward and Alphonse Elric with severely damaged bodies, they begin searching for the one thing that can save them: The fabled philosopher's stone.;86;2003;[action,adventure,animation];fullmetal_alchemist.jpg;[51]
tt0053488;The Bugs Bunny Show;Bugs Bunny, the famous, Oscar-winning cartoon rabbit, hosts his first weekly television series, along with all his fellow Warner Brothers cartoon stars, including Daffy Duck, Porky Pig, Elmer Fudd, Yosemite Sam, the Tasmanian Devil, Tweety Bird, Sylvester Cat, the Road Runner, Wile E. Coyote, Pepe Le Pew, Foghorn Leghorn, and Speedy Gonzales. Each episode features three theatrical cartoons introduced by Bugs and/or the other characters, and often with a unifying idea, or theme. Many episodes feature Bugs as a lecturer on such subjects as cats, dogs, birds, and humans, and offering classic Warner Brothers cartoon footage to comically illustrate his points.;86;1960;[comedy,animation];the_bugs_bunny_show.jpg;[26,26,1]
tt5712554;The Grand Tour;Follow Jeremy, Richard, and James, as they embark on an adventure across the globe. Driving new and exciting automobiles from manufacturers all over the world.;86;2016;[comedy,talk-show];the_grand_tour.jpg;[13,11,12]
tt1513168;Through the Wormhole;Hosted by Morgan Freeman, Through the Wormhole will explore the deepest mysteries of existence - the questions that have puzzled mankind for eternity. What are we made of? What was there before the beginning? Are we really alone? Is there a creator? These questions have been pondered by the most exquisite minds of the human race. Now, science has evolved to the point where hard facts and evidence may be able to provide us with answers instead of philosophical theories. Through the Wormhole will bring together the brightest minds and best ideas from the very edges of science - Astrophysics, Astrobiology, Quantum Mechanics, String Theory, and more - to reveal the extraordinary truth of our Universe.;86;2010;[documentary];through_the_wormhole.jpg;[8,10,10,10,10,6,4,4,4]
tt0203082;Samurai X: Trust and Betrayal;In the era of Japan's Meiji Restoration, an assassin regains his humanity.;86;1999;[action,adventure,animation];samurai_x_trust_and_betrayal.jpg;[4]
tt1266020;Parks and Recreation;The absurd antics of an Indiana town's public officials as they pursue sundry projects to make their city a better place.;86;2009;[comedy];parks_and_recreation.jpg;[6,24,16,22,22,22,13]
tt1586680;Shameless;A scrappy, fiercely loyal Chicago family makes no apologies.;86;2011;[drama,comedy];shameless.jpg;[12,12,12,12,12,12,12,12,14]
tt4295140;Chef's Table;Chef's Table goes inside the lives and kitchens of six of the world's most renowned international chefs. Each episode focuses on a single chef and their unique look at their lives, talents and passion from their piece of culinary heaven.;86;2015;[documentary];chefs_table.jpg;[6,6,6,4,4]
tt5675620;The Punisher;After the murder of his family, Marine veteran Frank Castle becomes the vigilante known as "The Punisher," with only one goal in mind: to avenge them.;86;2017;[crime,action,adventure];the_punisher.jpg;[13,13]
tt4269716;Umbre;Relu is a family man. He has two children, a wife and a double life. Seen through the eyes of his family, Relu Oncescu appears to be an ordinary taxi driver. No one suspects that Relu works as a collector for Capitanu', a local mobster. Neither of the two worlds (his family and the mafia) knows of the other's existence. Relu manages to keep everything under control, but not for long. After accidentally killing a man, he tries to get out of the underworld, but he can't find his way back. Day by day, the secrets he keeps become increasingly oppressive and the lies begin to surface, one by one.;86;2014;[crime,drama,thriller];umbre.jpg;[8,6,1]
tt4288182;Atlanta;Based in Atlanta, Earn and his cousin Alfred are trying to make their way up in the world through the rap scene. Along the way they come face to face with social and economic issues touching on race, relationships, poverty, status, and parenthood.;86;2016;[drama,comedy,music];atlanta.jpg;[10,11,10]
tt0111958;Father Ted;Three misfit priests and their housekeeper live on Craggy Island, not the peaceful and quiet part of Ireland that it seems to be.;86;1995;[comedy];father_ted.jpg;[6,11,8]
tt0275137;Justice League;Seven of the most formidable heroes form arguably the most powerful team ever.;86;2001;[action,adventure,animation];justice_league.jpg;[26,26]
tt5288312;Skam;The story of young teenagers and pupils on Hartvig Nissens upper secondary school in Oslo, and their troubles, scandals and everyday life. Each season is told from a different person's point of view.;86;2015;[drama,romance];skam.jpg;[11,12,10,10]
tt1831164;Leyla and Mecnun;Turkish television comedy series set in Istanbul, Leyla and Mecnun is a surreal and absurd comedy that revolves around the fictional love story between Leyla and Mecnun.;86;2011;[drama,adventure,comedy];leyla_and_mecnun.jpg;[20,41,43]
tt0758745;Friday Night Lights;The trials and tribulations of small town Texas football players, their friends, family, and coaching staff.;86;2006;[drama,sport];friday_night_lights.jpg;[22,15,13,13,13]
tt0863046;Flight of the Conchords;Bret and Jemaine are Flight of the Conchords, a folk-rock band from New Zealand living in New York City in search of stardom.;85;2007;[comedy,music,musical];flight_of_the_conchords.jpg;[12,10]
tt0080306;Yes Minister;The Right Honorable James Hacker has landed the plum job of Cabinet Minister to the Department of Administration. At last he is in a position of power and can carry out some long-needed reforms, or so he thinks.;86;1980;[comedy];yes_minister.jpg;[7,7,8]
tt5753856;Dark;A family saga with a supernatural twist, set in a German town, where the disappearance of two young children exposes the relationships among four families.;85;2017;[crime,drama,mystery];dark.jpg;[10,1]
tt0112159;Neon Genesis Evangelion;A teenage boy finds himself recruited as a member of an elite team of pilots by his father.;85;1995;[drama,action,animation];neon_genesis_evangelion.jpg;[26]
tt0995832;Generation Kill;A Rolling Stone reporter, embedded with The 1st Recon Marines chronicles his experiences during the first wave of the American-led assault on Baghdad in 2003.;85;2008;[drama,war];generation_kill.jpg;[7]
tt0387764;Peep Show;Mark and Jez are a couple of twenty-something roommates who have nothing in common - except for the fact that their lives are anything but normal. Mayhem ensues as the pair strive to cope with day-to-day life.;86;2003;[comedy];peep_show.jpg;[6,6,6,6,6,6,6,6,6]
tt0118273;Brass Eye;Controversal spoof of current affairs television, and the role of celebrity in the UK.;85;1997;[comedy];brass_eye.jpg;[6,1]
tt1870479;The Newsroom;A newsroom undergoes some changes in its workings and morals as a new team is brought in, bringing unexpected results for its existing news anchor.;85;2012;[drama];the_newsroom.jpg;[10,9,6]
tt0472027;John Adams;The life of one of the USA's Founding Fathers, its second President, and his role in the nation's first 50 years.;85;2008;[drama,biography,history];john_adams.jpg;[7]
tt0086831;Yes, Prime Minister;James Hacker was propelled along the corridors of power to the very pinnacle of politics - Number 10.;85;1986;[comedy];yes_prime_minister.jpg;[8,8]
tt3920596;Big Little Lies;The apparently perfect lives of three mothers of first graders unravel to the point of murder.;85;2017;[crime,drama,mystery];big_little_lies.jpg;[7,7]
tt0161952;Saint Seiya;A group a young warriors known as 'Saints', each in possession of a 'cloth' guarded by a different constellation, must protect the reincarnation of the goddess Athena as she attempts to keep the Earth from being destroyed by evil forces.;85;1986;[action,adventure,animation];saint_seiya.jpg;[73,26,15]
tt2401256;The Night Of;After a night of partying with a woman he picked up, a man wakes up to find her stabbed to death and is charged with her murder.;85;2016;[crime,drama];the_night_of.jpg;[9]
tt1494191;The Untold History of the United States;Oliver Stone's re-examination of under-reported events in American history.;85;2012;[history,war,documentary];the_untold_history_of_the_united_states.jpg;[12]
tt1489428;Justified;Old-school U.S. Marshal Raylan Givens is reassigned from Miami to his childhood home in the poor, rural coal mining towns in eastern Kentucky.;85;2010;[crime,drama,action];justified.jpg;[13,13,13,13,13,13]
tt0979432;Boardwalk Empire;An Atlantic City, New Jersey politician plays both sides of the law, conspiring with gangsters during the Prohibition era.;85;2010;[crime,drama,history];boardwalk_empire.jpg;[12,12,13,12,8]
tt5290382;Mindhunter;Set in the late 1970s, two FBI agents are tasked with interviewing serial killers to solve open cases.;85;2017;[crime,drama,thriller];mindhunter.jpg;[10,8]
tt8595766;Yeh Meri Family;Set in the summer of 1998 it is a story about conflicting emotions towards family members from the eyes of a twelve year old.;85;2018;[drama,family,comedy];yeh_meri_family.jpg;[7]
tt0083390;Brideshead Revisited;Two young men meet at Oxford. Charles Ryder, though of no family or money, becomes friends with Sebastian Flyte when Sebastian throws up in his college room through an open window. He then invites Charles to lunch after his teddy bear Aloysius "refuses to talk to him" unless he is forgiven. Charles becomes involved with Sebastian's family, Catholic peers of the realm in Protestant England. The story is told in flashback as Charles, now an officer in the British Army, is moved with his company to an English country house that he discovers to be Brideshead, Sebastian's family home where Charles has a series of memories of his youth and young manhood, his loves, life, and a journey of faith and anguish.;85;1981;[drama,romance];brideshead_revisited.jpg;[11]
tt6468322;Money Heist;A group of very peculiar robbers assault the Factory of Moneda and Timbre to carry out the most perfect robbery in the history of Spain and take home 2.4 billion euros.;85;2017;[crime,action,mystery];money_heist.jpg;[15,7,8]
tt0423731;Samurai Champloo;Fuu, a waitress who works in a teahouse, rescues two master swordsmen, Mugen and Jin, from their execution to help her find the "samurai who smells of sunflowers.";85;2004;[action,adventure,animation];samurai_champloo.jpg;[26]
tt1227926;Dr. Horrible's Sing-Along Blog;An aspiring supervillain must balance his career and his pursuit of a beautiful do-gooder.;85;2008;[sci-fi,comedy,musical];dr._horribles_sing-along_blog.jpg;[3]
tt0237123;Coupling;Six best friends talk about all aspects of sex and relationships on their never-ending quest to find true love.;85;2000;[romance,comedy];coupling.jpg;[6,9,7,6]
tt0318871;Berserk;Guts is a skilled swordsman who joins forces with a mercenary group named 'The Band of the Hawk', lead by the charismatic Griffith, and fights with them as they battle their way into the royal court.;85;1997;[action,adventure,animation];berserk.jpg;[25]
tt5425186;Horace and Pete;Louis C.K.'s Eugene O'Neill-esque dramedic web series about two brothers, introverted Horace and mentally ill Pete, the current owners of their family's Irish bar "Horace and Pete's", and their dysfunctional family and friends.;85;2016;[drama,comedy];horace_and_pete.jpg;[10]
tt1984119;Feud;An anthology series centering on famous feuds, including Bette Davis & Joan Crawford.;85;2017;[drama,biography];feud.jpg;[8,10]
tt0487831;The IT Crowd;The comedic misadventures of Roy, Moss and their grifting supervisor Jen, a rag-tag team of IT support workers at a large corporation headed by a hotheaded yuppie.;85;2006;[comedy];the_it_crowd.jpg;[6,6,6,6,1]
tt0290978;The Office;The story of an office that faces closure when the company decides to downsize its branches. A documentary film crew follow staff and the manager David Brent as they continue their daily lives.;85;2001;[drama,comedy];the_office.jpg;[6,6,2]
tt0096657;Mr. Bean;Life is a difficult challenge for Mr Bean, who despite being a grown adult, has trouble completing even the simplest of tasks. Thankfully, his perseverance is usually rewarded, and he finds an ingenious way around the problem.;85;1990;[family,comedy];mr._bean.jpg;[15]
tt0098825;House of Cards;The schemes of a ruthlessly ambitious British politician who will stop at nothing to get to the top.;85;1990;[drama];house_of_cards.jpg;[4]
tt5249462;Erased;29 year old Satoru Fujinuma is sent back in time 18 years to prevent the events leading to his mother's death, which began with a series of kidnappings in his 5th grade year.;85;2016;[drama,fantasy,animation];erased.jpg;[13]
tt5834204;The Handmaid's Tale;Set in a dystopian future, a woman is forced to live as a concubine under a fundamentalist theocratic dictatorship.;85;2017;[drama,sci-fi];the_handmaids_tale.jpg;[10,13,4]
tt2306299;Vikings;Vikings transports us to the brutal and mysterious world of Ragnar Lothbrok, a Viking warrior and farmer who yearns to explore - and raid - the distant shores across the ocean.;85;2013;[drama,action,adventure];vikings.jpg;[9,10,10,20,20,20,20]
tt0280249;Dragon Ball;Dragon Ball tells the tale of a young warrior by the name of Son Goku, a young peculiar boy with a tail who embarks on a quest to become stronger and learns of the Dragon Balls, when, once all 7 are gathered, grant any wish of choice.;85;1986;[action,adventure,animation];dragon_ball.jpg;[13,15,17,12,10,16,18,21,31]
tt0080297;Tinker Tailor Soldier Spy;In the bleak days of the Cold War, espionage veteran George Smiley is forced out of semi-retirement to uncover a Soviet Agent within MI6's echelons.;85;1979;[drama,thriller];tinker_tailor_soldier_spy.jpg;[7]
tt4158110;Mr. Robot;Elliot, a brilliant but highly unstable young cyber-security engineer and vigilante hacker, becomes a key figure in a complex game of global dominance when he and his shadowy allies try to take down the corrupt corporation he works for.;85;2015;[crime,drama,thriller];mr_robot.jpg;[10,12,10,12]
tt0118266;The New Batman Adventures;The further and darker adventures of Batman with a new Robin, a closer association with Batgirl and the previous Robin now as Nightwing.;85;1997;[action,adventure,animation];the_new_batman_adventures.jpg;[13,11]
tt1474684;Luther;DCI John Luther is a near-genius murder detective whose brilliant mind can't always save him from the dangerous violence of his passions.;85;2010;[crime,drama,mystery];luther.jpg;[7,4,4,2,4]
tt2244495;The Eric Andre Show;The Eric Andre Show is a late night talk show, with an alternate reality.;85;2012;[comedy,talk-show];the_eric_andre_show.jpg;[11,10,10,10]
tt1758429;Spartacus: Gods of the Arena;In the time before the arrival of Spartacus, the House of Batiatus faces many challenges from competitors, and within its own household.;85;2011;[biography,action,adventure];spartacus_gods_of_the_arena.jpg;[6]
tt0262150;Black Books;Bernard Black runs a book shop, though his customer service skills leave something to be desired. He hires Manny as an employee. Fran runs the shop next door. Between the three of them many adventures ensue.;85;2000;[comedy];black_books.jpg;[6,6,6]
tt2575988;Silicon Valley;Follows the struggle of Richard Hendricks, a Silicon Valley engineer trying to build his own company called Pied Piper.;85;2014;[comedy];silicon_valley.jpg;[8,10,10,10,8,1]
tt0061287;The Prisoner;After resigning, a secret agent is abducted and taken to what looks like an idyllic village, but is really a bizarre prison. His warders demand information. He gives them nothing, but only tries to escape.;85;1967;[drama,sci-fi,mystery];the_prisoner.jpg;[17]
tt4093826;Twin Peaks;Picks up 25 years after the inhabitants of a quaint northwestern town are stunned when their homecoming queen is murdered.;85;2017;[crime,drama,fantasy];twin_peaks2017.jpg;[18]
tt2243973;Hannibal;Explores the early relationship between the renowned psychiatrist and his patient, a young FBI criminal profiler, who is haunted by his ability to empathize with serial killers.;85;2013;[crime,drama,horror];hannibal.jpg;[13,13,13]
tt2100976;Impractical Jokers;Q, Sal, Joe and Murr are real-life best friends who love challenging each other to the most outrageous dares and stunts ever caught on hidden camera.;85;2011;[comedy,reality-tv];impractical_jokers.jpg;[17,28,32,29,27,26,27,27]
tt2303687;Line of Duty;DS Steve Arnott is transferred to the police anti-corruption unit after the death of a man in a mistaken shooting during a counter-terrorist operation.;85;2012;[crime,drama,mystery];line_of_duty.jpg;[5,6,6,6,6,6]
tt0346314;Ghost in the Shell: Stand Alone Complex;The futuristic adventures of a female cyborg counter intelligence agent and her support team.;85;2002;[crime,action,animation];ghost_in_the_shell_stand_alone_complex.jpg;[26,26]
tt0075520;Jesus of Nazareth;Beginning before the Nativity and extending through the Crucifixion and Resurrection, this mini-series brings to life all of the sweeping drama in the life of Jesus, as told by the Gospels.;85;1977;[drama,biography,history];jesus_of_nazareth.jpg;[2]
tt3398228;BoJack Horseman;BoJack Horseman was the star of the hit TV show "Horsin' Around" in the '90s, now he's washed up, living in Hollywood, complaining about everything, and wearing colorful sweaters.;85;2014;[drama,comedy,animation];bojack_horseman.jpg;[12,13,12,12,12,1]
tt4082744;Detectorists;The lives of two eccentric metal detectorists, who spend their days plodding along ploughed tracks and open fields, hoping to disturb the tedium by unearthing the fortune of a lifetime.;85;2014;[comedy];detectorists.jpg;[6,7,6]
tt2433738;Wentworth;Bea Smith is locked up while awaiting trial for the attempted murder of her husband and must learn how life works in prison.;85;2013;[crime,drama];wentworth.jpg;[10,12,12,12,12,12,1]
tt0129690;I'm Alan Partridge;Alan Partridge a failed television presenter whose previous exploits had featured in the chat-show parody Knowing Me, Knowing You with Alan Partridge, and who is now presenting a programed on local radio in Norwich.;85;1997;[comedy];im_alan_partridge.jpg;[6,6]
tt4189022;Ash vs Evil Dead;Ash has spent the last thirty years avoiding responsibility, maturity, and the terrors of the Evil Dead until a Deadite plague threatens to destroy all of mankind and Ash becomes mankind's only hope.;85;2015;[action,fantasy,comedy];ash_vs_evil_dead.jpg;[10,10,10]
tt2701582;Endeavour;Set in the 1960s, the show follows Endeavour Morse in his early years as a police constable. Working alongside his senior partner DI Fred Thursday, Morse engages in a number of investigations around Oxford.;85;2012;[crime,drama,mystery];endeavour.jpg;[5,4,4,4,6,4]
tt2788432;American Crime Story;An anthology series centered around America's most notorious crimes and criminals.;85;2016;[crime,drama,biography];american_crime_story.jpg;[10,9,10,9]
tt2937900;The Knick;A look at the professional and personal lives of the staff at New York's Knickerbocker Hospital during the early part of the twentieth century.;85;2014;[drama];the_knick.jpg;[10,10]
tt0149460;Futurama;Philip J. Fry, a pizza guy, is accidentally frozen in 1999 and thawed out New Year's Eve 2999.;85;1999;[sci-fi,comedy,animation];futurama.jpg;[9,20,15,12,16,26,26]
tt1442449;Spartacus;Watch the story of history's greatest gladiator unfold with graphic violence and the passions of the women that love them. This is Spartacus.;85;2010;[biography,action,adventure];spartacus.jpg;[13,10,10,10]
tt0070644;Scenes from a Marriage;Ten years within the marriage of Marianne and Johan.;84;1973;[drama];scenes_from_a_marriage.jpg;[6]
tt1883092;Generation War;Five friends go out to war and promise each other to be back for Christmas.;84;2013;[drama,history,action];generation_war.jpg;[3]
tt0182629;Rurouni Kenshin: Wandering Samurai;The adventures of a young wandering swordsman who stumbles upon a struggling martial arts school in Meiji era Japan.;85;1996;[action,adventure,animation];rurouni_kenshin_wandering_samurai.jpg;[27,35,33]
tt1695360;The Legend of Korra;Avatar Korra fights to keep Republic City safe from the evil forces of both the physical and spiritual worlds.;84;2012;[action,adventure,animation];the_legend_of_korra.jpg;[12,14,13,13]
tt3647998;Taboo;Adventurer James Keziah Delaney returns to London during the War of 1812 to rebuild his late father's shipping empire. However, both the government and his biggest competitor want his inheritance at any cost - even murder.;84;2017;[drama,mystery,thriller];taboo.jpg;[8,2]
tt0417373;The Venture Bros.;The bizarre animated escapades of pseudo-heroic scientist Dr. Rusty Venture, his competent, high strung bodyguard, and his two over-enthusiastic sons.;84;2003;[sci-fi,comedy,animation];the_venture_bros..jpg;[15,13,13,17,9,9,10]
tt0083466;Police Squad!;Sight gags and non-sequiturs dominate this spoof of police dramas. The six episodes formed the basis for the very successful "Naked Gun" film franchise.;84;1982;[crime,comedy];police_squad!.jpg;[6]
tt3428912;Happy Valley;Catherine Cawood is the sergeant on duty when flustered and nervous accountant Kevin Weatherill comes into her West Yorkshire station to report a crime.;84;2014;[crime,drama];happy_valley.jpg;[6,6,1]
tt0103584;X-Men;A team of mutant superheroes fight for justice and human acceptance in the Marvel Comics universe.;84;1992;[action,family,animation];x-men.jpg;[13,13,19,17,14]
tt0397150;Garth Marenghi's Darkplace;This parody series is an unearthed 80s horror/drama, complete with poor production values, awful dialogue and hilarious violence. The series is set in a Hospital in Romford, which is situated over the gates of Hell.;84;2004;[fantasy,comedy];garth_marenghis_darkplace.jpg;[6]
tt1795096;Behzat Ç.: Bir Ankara Polisiyesi;Centered around a personally troubled, officially discredited police chief and his inharmonious police team in Ankara Police Force. Even though the show usually focuses on murders and other crimes that happens on a weekly basis, the undertone of the story leads to an eventual duel between Behzat Ç. and the rotten department officials and bureaucrats.;84;2010;[crime,drama,mystery];behzat_ç._bir_ankara_polisiyesi.jpg;[38,31,27]
tt2384811;Utopia;After a group of people, who meet online, discover a bizarre graphic novel which seems to hold mysterious answers, they find themselves being tracked down by a merciless organization known merely as 'The Network'.;84;2013;[drama,sci-fi,mystery];utopia.jpg;[6,6]
tt0319969;Carnivàle;During the Great Depression, an Oklahoma farm boy and a charismatic minister learn that they are key players in a proxy war being fought between Heaven and Hell.;84;2003;[drama,fantasy,mystery];carnivàle.jpg;[12,12]
tt0362192;State of Play;In London, a naive young politician becomes a suspect when his female assistant and mistress is killed in a suspicious accident. The politician's investigative journalist friend and his team uncover a government conspiracy.;84;2003;[crime,drama,mystery];state_of_play.jpg;[6]
tt1439629;Community;A suspended lawyer is forced to enroll in a community college with an eclectic staff and student body.;85;2009;[comedy];community.jpg;[25,24,22,13,13,13]
tt6205862;Inside Look: The People v. O.J. Simpson, American Crime Story;The story of the 1994-1995 trial of former NFL superstar running back Orenthal James "OJ" Simpson for the murder of his ex-wife, Nicole Brown and her friend, Ronald Lyle Goldman.;84;2016;[documentary];inside_look_the_people_v._o.j._simpson_american_crime_story.jpg;[10]
tt1526318;Borgen;A political drama about a prime minister's rise to power, and how power changes a prime minister.;84;2010;[drama];borgen.jpg;[10,10,10]
tt0278238;Samurai Jack;A samurai sent through time fights to return home and save the world.;84;2001;[action,adventure,animation];samurai_jack.jpg;[13,13,13,13,10]
tt6328940;Humorously Yours;Follows the life of Vipul Goyal , a Stand Up comedian. As the tagline says "The drama behind the comedy";84;2016;[drama];humorously_yours.jpg;[5]
tt2674806;Inside No. 9;Anthology series which mixes dark humor with genres like crime, horror or drama. The show invites viewers into some very different No.9s, where the ordinary and mundane rub shoulders with the extraordinary and macabre.;84;2014;[comedy];inside_no._9.jpg;[6,6,6,6,2]
tt0098833;Jeeves and Wooster;Bertram Wooster, a well-intentioned, wealthy layabout, has a habit of getting himself into trouble and it's up to his brilliant valet, Jeeves, to get him out.;84;1990;[comedy];jeeves_and_wooster.jpg;[5,6,6,6]
tt3671754;Kardes Payi;The two brothers have a plumbing company and they are trying to invent something that would make the world a better place.;84;2014;[drama,family,comedy];kardes_payi.jpg;[22,13]
tt0387199;Entourage;Film star Vince Chase navigates the vapid terrain of Los Angeles with a close circle of friends and his trusty agent.;84;2004;[drama,comedy];entourage.jpg;[8,14,20,12,12,12,10,8]
tt4156586;Permanent Roommates;A couple, who were in a long distance relationship for 3 years, face the prospect of getting married.;83;2014;[romance,comedy];permanent_roommates.jpg;[5,8]
tt2249364;Broadchurch;The murder of a young boy in a small coastal town brings a media frenzy, which threatens to tear the community apart.;83;2013;[crime,drama,mystery];broadchurch.jpg;[8,8,8]
tt8679236;Who Is America?;Sacha Baron Cohen offers his take on America's patriotism.;83;2018;[comedy];who_is_america.jpg;[7]
tt1230180;The Angry Video Game Nerd;A foul-mouthed nerd reviews bad video games.;84;2004;[comedy,talk-show];the_angry_video_game_nerd.jpg;[17,22,23,22,13,9,11,16,30,5,12,7,7]
tt0074028;The Muppet Show;Kermit the Frog and his friends struggle to put on a weekly variety show.;84;1976;[family,comedy,music];the_muppet_show.jpg;[24,24,24,24,24]
tt5853176;The Good Fight;When Diane Lockhart's life savings are lost, she must start from scratch at a new firm.;83;2017;[crime,drama];the_good_fight.jpg;[10,13,3]
tt3230854;The Expanse;A police detective in the asteroid belt, the first officer of an interplanetary ice freighter and an earth-bound United Nations executive slowly discover a vast conspiracy that threatens the Earth's rebellious colony on the asteroid belt.;83;2015;[drama,sci-fi,mystery];the_expanse.jpg;[10,13,13,10]
tt1119644;Fringe;An F.B.I. agent is forced to work with an institutionalized scientist and his son in order to rationalize a brewing storm of unexplained phenomena.;83;2008;[drama,sci-fi,mystery];fringe.jpg;[20,23,22,22,13]
tt7259746;Queer Eye;A new Fab Five set out to Atlanta to help the city's straight men refine their wardrobes, grooming, diet, cultural pursuits, and home décor.;83;2018;[reality-tv];queer_eye.jpg;[8,8,8]
tt4378376;Babylon Berlin;Colognian commissioner Gereon Rath moves to Berlin, the epicenter of political and social changes in the Golden Twenties.;83;2017;[crime,drama,thriller];babylon_berlin.jpg;[8,8,1]
tt1534360;Ezel;Betrayed by his trusted friends and the woman he loved, Ömer Uçar returns as Ezel to exact his vengeance.;83;2009;[crime,drama,thriller];ezel.jpg;[33,38]
tt2467372;Brooklyn Nine-Nine;Jake Peralta, an immature, but talented N.Y.P.D. detective in Brooklyn's 99th Precinct, comes into immediate conflict with his new commanding officer, the serious and stern Captain Ray Holt.;83;2013;[crime,comedy];brooklyn_nine-nine.jpg;[22,23,23,22,22,18]
tt4270492;Billions;U.S. Attorney Chuck Rhoades goes after hedge fund king Bobby "Axe" Axelrod in a battle between two powerful New York figures.;83;2016;[drama];billions.jpg;[12,12,12,12]
tt0826760;Forbrydelsen;Police detective Sarah Lund investigates difficult cases with personal and political consequences.;83;2007;[crime,drama,mystery];forbrydelsen.jpg;[20,10,10]
tt3655448;The Young Pope;The beginning of the pontificate of Lenny Belardo, alias Pius XIII, the first American Pope in history.;83;2016;[drama];the_young_pope.jpg;[10]
tt0411008;Lost;The survivors of a plane crash are forced to work together in order to survive on a seemingly deserted tropical island.;83;2004;[drama,adventure,fantasy];lost.jpg;[25,23,22,14,17,17]
tt3358020;Parasyte: The Maxim;17-year-old Shinichi Izumi is partially infected by a Parasyte, monsters that butcher and consume humans. He must learn to co-exist with the creature if he is to survive both the life of a Parasyte and human, as part monster, part person.;83;2014;[action,animation,horror];parasyte_the_maxim.jpg;[24]
tt2149175;The Americans;At the height of the Cold War two Russian agents pose as your average American couple, complete with family.;83;2013;[crime,drama,mystery];the_americans.jpg;[13,13,13,13,13,10]
tt1486217;Archer;Covert black ops and espionage take a back seat to zany personalities and relationships between secret agents and drones.;86;2009;[action,comedy,animation];archer.jpg;[11,13,13,13,13,13,10,8,8,8]
tt1628033;Top Gear;The hosts talk about everything car-related. From new cars to how they're fueled, this show has it all.;86;2002;[comedy,talk-show];top_gear.jpg;[10,10,9,10,9,11,7,8,8,11,6,8,7,7,9,9,6,8,9,6,7,8,6,7,6,1,1,1]
tt1606375;Downton Abbey;A chronicle of the lives of the British aristocratic Crawley family and their servants in the early 20th Century.;86;2010;[drama,romance];downton_abbey.jpg;[7,9,9,9,9,9]
tt0773262;Dexter;By day, mild-mannered Dexter is a blood-spatter analyst for the Miami police. But at night, he is a serial killer who only targets other murderers.;86;2006;[crime,drama,mystery];dexter.jpg;[12,12,12,12,12,12,12,12]
tt0106028;Homicide: Life on the Street;A police homicide investigation unit investigates violent crimes in the city of Baltimore.;85;1993;[crime,drama,mystery];homicide_life_on_the_street.jpg;[9,4,20,22,22,23,22]
tt1492966;Louie;The life of Louie C.K., a divorced comedian living in New York with two kids.;85;2010;[drama,comedy];louie.jpg;[13,13,13,14,8]
tt2098220;Hunter x Hunter;Gon Freecss aspires to become a Hunter, an exceptional being capable of greatness. With his friends and his potential, he seeks for his father who left him when he was younger.;85;2011;[action,adventure,animation];hunter_x_hunter.jpg;[148]
tt0380136;QI;A comedy panel game in which being Quite Interesting is more important than being right. Sandi Toksvig is joined each week by four comedians to share anecdotes and trivia, and maybe answer some questions as well.;86;2003;[comedy,game-show];qi.jpg;[13,12,12,13,13,12,18,18,18,18,18,18,18,18,18,18]
tt0094525;Poirot;From England to Egypt, accompanied by his elegant and trustworthy sidekicks, the intelligent yet eccentrically-refined Belgian detective Hercule Poirot pits his wits against a collection of first class deceptions.;85;1989;[crime,drama,mystery];poirot.jpg;[10,9,11,3,8,4,2,2,4,4,4,4,5]
tt0094517;Mystery Science Theater 3000;In the not-too-distant future Joel Robinson is held captive by Dr. Forrester and TV's Frank, forced to watch B-Grade movies on the Satellite of Love with the help of his robot friends: Cambot, Gypsy, Tom Servo and Crow T. Robot.;85;1988;[sci-fi,comedy];mystery_science_theater_3000.jpg;[22,13,13,24,24,24,24,7,22,13,13]
tt0088509;Dragon Ball;Son Gokû, a fighter with a monkey tail, goes on a quest with an assortment of odd characters in search of the Dragon Balls, a set of crystals that can give its bearer anything they desire.;85;1986;[action,adventure,animation];dragon_ball.jpg;[153]
tt0163507;Whose Line Is It Anyway?;Improvisational comedy competition show in which four members of the regular cast as comedians and often with guest appearances with other comedians and celebrities and members of the audience perform various comic games and sketches.;85;1998;[comedy,game-show];whose_line_is_it_anyway.jpg;[20,39,40,31,34,10,25,21]
tt0047708;Alfred Hitchcock Presents;Series of unrelated short stories covering elements of crime, horror, drama, and comedy about people of different backgrounds committing murders, suicides, thefts, and other sorts of crime caused by certain motivations, perceived or not.;85;1955;[crime,drama,mystery];alfred_hitchcock_presents.jpg;[39,39,39,36,38,38,39]
tt1305826;Adventure Time;A 12-year-old boy and his best friend, wise 28-year-old dog with magical powers, go on a series of surreal adventures with each other.;85;2010;[action,adventure,animation];adventure_time.jpg;[26,26,26,26,52,43,39,14,14,13,13]
tt0060028;Star Trek;In the 23rd Century, Captain James T. Kirk and the crew of the USS Enterprise explore the galaxy and defend the United Federation of Planets.;83;1966;[action,adventure,sci-fi];star_trek.jpg;[30,26,24]
tt5555260;This Is Us;A heartwarming and emotional story about a unique set of triplets, their struggles, and their wonderful parents.;86;2016;[drama,romance,comedy];this_is_us.jpg;[18,18,18]
